{"cameraMode":{"drawMode":0,"name":"Shaded","section":"Shading Mode"},"sceneLighting":true,"audioPlay":false,"sceneViewState":{"showFog":true,"showMaterialUpdate":false,"showSkybox":true,"showFlares":true,"showImageEffects":true,"showParticleSystems":true},"in2DMode":false,"pivot":{"x":485.435546875,"y":218.6735382080078,"z":32.256324768066409},"rotation":{"x":-0.24969640374183656,"y":0.09049370884895325,"z":-0.0234439205378294,"w":-0.963801383972168},"size":490.56463623046877,"orthographic":true}